时间,商品名称,库存变化,单笔销量
2026-10-05 10:21:18,大陆地址-YORCH合影,初始库存：10000,0
2026-10-05 10:21:21,非大陆地址-YORCH合影,初始库存：10000,0
2026-10-05 11:40:58,大陆地址-YORCH合影,10000 -> 9980,20
2026-10-07 17:26:22,大陆地址-YORCH合影,9980 -> 9960,20
2026-10-07 22:40:48,大陆地址-YORCH合影,9960 -> 9935,25
2026-10-07 23:31:00,非大陆地址-YORCH合影,10000 -> 9972,28
2026-10-07 23:37:47,非大陆地址-YORCH合影,9972 -> 9956,16
2026-10-07 23:38:26,非大陆地址-YORCH合影,9956 -> 9940,16
2026-10-07 23:39:24,大陆地址-YORCH合影,9935 -> 9906,29
2026-10-07 23:41:34,大陆地址-YORCH合影,9906 -> 9889,17
2026-10-07 23:43:50,大陆地址-YORCH合影,9889 -> 9886,3
2026-10-07 23:44:22,大陆地址-YORCH合影,9886 -> 9860,26
2026-10-07 23:52:48,大陆地址-YORCH合影,9860 -> 9855,5
2026-10-07 23:53:44,非大陆地址-YORCH合影,9940 -> 9938,2
2026-10-07 23:54:07,大陆地址-YORCH合影,9855 -> 9825,30
2026-10-07 23:54:47,大陆地址-YORCH合影,9825 -> 9784,41
2026-10-07 23:57:34,非大陆地址-YORCH合影,9938 -> 9918,20
2026-10-07 23:58:39,大陆地址-YORCH合影,9784 -> 9779,5
2026-10-07 23:59:24,大陆地址-YORCH合影,9779 -> 9771,8
